{"cameraMode":{"drawMode":0,"name":"Shaded","section":"Shading Mode"},"sceneLighting":false,"audioPlay":false,"sceneViewState":{"m_AlwaysRefresh":false,"showFog":true,"showSkybox":false,"showFlares":true,"showImageEffects":true,"showParticleSystems":true,"showVisualEffectGraphs":true,"m_FxEnabled":true},"in2DMode":false,"pivot":{"x":-0.3686560392379761,"y":1.3286762237548829,"z":-1.960841178894043},"rotation":{"x":-0.03277318924665451,"y":0.022488052025437356,"z":-0.0007221520063467324,"w":-0.9992406368255615},"size":2.8115944862365724,"orthographic":true}