{"cameraMode":{"drawMode":0,"name":"Shaded","section":"Shading Mode"},"sceneLighting":true,"audioPlay":false,"sceneViewState":{"m_AlwaysRefresh":false,"showFog":true,"showSkybox":true,"showFlares":true,"showImageEffects":true,"showParticleSystems":true,"showVisualEffectGraphs":true,"m_FxEnabled":true},"in2DMode":false,"pivot":{"x":0.9220831394195557,"y":4.588286399841309,"z":9.359614372253418},"rotation":{"x":-0.13278703391551972,"y":-0.04012766852974892,"z":0.005409778095781803,"w":-0.9903590679168701},"size":12.918315887451172,"orthographic":false}