{"cameraMode":{"drawMode":0,"name":"Shaded","section":"Shading Mode"},"sceneLighting":false,"audioPlay":false,"sceneViewState":{"m_AlwaysRefresh":false,"showFog":false,"showSkybox":false,"showFlares":false,"showImageEffects":false,"showParticleSystems":false,"showVisualEffectGraphs":true,"m_FxEnabled":true},"in2DMode":false,"pivot":{"x":0.631537914276123,"y":-0.16599398851394654,"z":0.3461504578590393},"rotation":{"x":-0.0013220583787187935,"y":-0.9983395338058472,"z":0.05276656150817871,"w":-0.027379918843507768},"size":1.3791210651397706,"orthographic":true}