{"cameraMode":{"drawMode":0,"name":"Shaded","section":"Shading Mode"},"sceneLighting":false,"audioPlay":false,"sceneViewState":{"m_AlwaysRefresh":false,"showFog":false,"showSkybox":false,"showFlares":false,"showImageEffects":false,"showParticleSystems":false,"showVisualEffectGraphs":true,"m_FxEnabled":true},"in2DMode":false,"pivot":{"x":-0.8240408897399902,"y":1.2620105743408204,"z":0.7307285070419312},"rotation":{"x":0.15662401914596559,"y":0.8245459794998169,"z":-0.2755384147167206,"w":0.46871453523635867},"size":1.0530530214309693,"orthographic":true}