{"cameraMode":{"drawMode":0,"name":"Shaded","section":"Shading Mode"},"sceneLighting":false,"audioPlay":false,"sceneViewState":{"m_AlwaysRefresh":false,"showFog":false,"showSkybox":false,"showFlares":false,"showImageEffects":false,"showParticleSystems":false,"showVisualEffectGraphs":true,"m_FxEnabled":true},"in2DMode":false,"pivot":{"x":-1.0048062801361085,"y":-0.3819148540496826,"z":1.129408836364746},"rotation":{"x":-0.02541274018585682,"y":0.08148593455553055,"z":0.0020774328149855139,"w":0.9963548183441162},"size":1.9316153526306153,"orthographic":false}