{"cameraMode":{"drawMode":0,"name":"Shaded","section":"Shading Mode"},"sceneLighting":false,"audioPlay":false,"sceneViewState":{"m_AlwaysRefresh":false,"showFog":false,"showSkybox":false,"showFlares":false,"showImageEffects":false,"showParticleSystems":false,"showVisualEffectGraphs":true,"m_FxEnabled":true},"in2DMode":false,"pivot":{"x":-2.2507171630859377,"y":5.345629692077637,"z":0.07956695556640625},"rotation":{"x":0.030596140772104265,"y":-0.0038880156353116037,"z":-0.0000592351243540179,"w":0.999617338180542},"size":8.865323066711426,"orthographic":true}