{"cameraMode":{"drawMode":0,"name":"Shaded","section":"Shading Mode"},"sceneLighting":false,"audioPlay":false,"sceneViewState":{"m_AlwaysRefresh":false,"showFog":false,"showSkybox":false,"showFlares":false,"showImageEffects":false,"showParticleSystems":false,"showVisualEffectGraphs":true,"m_FxEnabled":true},"in2DMode":false,"pivot":{"x":0.366094708442688,"y":0.2214980125427246,"z":0.028940796852111818},"rotation":{"x":0.06725390255451203,"y":0.9152414202690125,"z":-0.3583524823188782,"w":0.17163577675819398},"size":1.939261794090271,"orthographic":true}